No.,Name_en,Name_zh,Style_zh,Style_en,Floors,Height_ft,Height_m,Year,Architect,Description_zh,Description_en,Location,Link,Picture (CC),Attribution,Side Note Title_zh,Side Note Title_en,Side Note Picture (CC),Side Note_zh,Side Note_en,Side Note Attribution,Contact_zh,Contact_en,Contact Number,Table List_zh,Table List_en,Table Content_zh,Table Content_en
01,LaSalle-Wacker Building,拉賽爾瓦克大樓,裝飾風藝術,Art Deco,41,512,156,1930,Holabird & Root,拉賽爾瓦克大樓位於金融街（LaSalle St.）的端點，與另一端點的芝加哥期貨交易所同為裝飾風藝術風格的建築物，它的 H 型平面提供了良好的採光及通風條件，同時也正符合了當時對辦公大樓的空間要求。中段屋頂上的平台也是電影「王牌對王牌（The Negotiator）」裡，狙擊手射擊的位置。,,"41.8865, -87.632",http://en.wikipedia.org/wiki/LaSalle-Wacker_Building,https://farm9.staticflickr.com/8472/8401355168_a1b6eb92d3_s.jpg,"""<a href=""https://www.flickr.com/photos/themikebot/266530171/in/photolist-py38M-egJ72-9ZTV2M-7ienN6-bb2Ern-9gLH7v-b1SM8n-aFBNTg-89HFUi-b1SNRv-vWATk-codzKo-5kiQPm-ccWgT7-dKRVLJ-iZtYAC-aWrGC2-6bV73T-bVyPLe-bVyMLg-7z76am-72G7GB-ccW8Go-bVyQet-7GeanV-5TBJm3-b3vrwV-b1SAjt-epjnA-aetWpF-b1SRWv-cTyvKb-5keAva-5kiT5f-4iYiB4-b3vGqZ-b1SweV-b1SzNM-b1SyeD-aFBNxv-bryjdR-a3By4t-a3Bx62-epjnE-7fzjJ2-9gPNcQ-eZkXsS-bzYY8w/"">LaSalle-Wacker Building</a>"" by <a href=""https://www.flickr.com/photos/themikebot/"">themikebot</a> is licensed under <a href=""https://creativecommons.org/licenses/by-nc-nd/2.0/"">CC BY-NC-ND 2.0</a>",裝飾風藝術,Art Deco,,"1925年，巴黎的「國際現代化工業裝飾藝術展覽會（Exposition Internationale des Arts Decoratifs et Industriels Modernes）」是此風格名稱的起源。承襲了「新藝術」（Art Nouveau）運動之後的建築與裝飾風格，以服務上層社會的富人為用途；特別強調細緻優雅的裝飾，特色為常用直線和對稱來構成建築物的外觀。屬於折衷的藝術形式，它結合了：
1.放射狀太陽與噴泉形式 
2.摩天大樓臨街退縮的輪廓 
3.幾何圖形：象徵了機械與科技解決了我們的問題
4.取材自爵士舞蹈等形式
5.埃及與中美洲等古文明
6.大量運用光亮大理石和烙鋼創造明亮對比的色彩。",,,,,,,,,
15,Quincy Station,昆西車站,,,,,,1897,Alfred M. Hedley,    如果要敍述芝加哥的特色，CTA捷運系統肯定榜上有名。芝加哥CTA建成至今已經有108年，而且是全世界唯一使用鋼骨結構來建構捷運系統的城市，甚至擁有空中、地底、地面三種的運輸方式。因為用鋼骨架構，木材樓面裝飾，然後使用金屬板作為屋頂鋪面，使得建設成本大為降低（在當時，這些材料都非常便宜）。昆西車站是芝加哥最原始最古老的捷運車站之一，它在1988年整修，卻沒有改變原本的樣式，狹小的木造車站大廳裡，仍隱隱透著典雅而古樸的氣息。,,41.878752°N 87.633703°W,http://en.wikipedia.org/wiki/Quincy_(CTA_station),https://farm3.staticflickr.com/2206/2440620962_c28bfc246d_s.jpg,"""<a href=""https://flic.kr/p/4HEPzL"">Chicago - The Loop - Quincy Station</a>"" by <a href=""https://www.flickr.com/photos/roncaglia/"">Gino Roncaglia</a> is licensed under <a href=""https://creativecommons.org/licenses/by-nc-sa/2.0/"">CC BY-NC-SA 2.0</a>",,,,,,,,,,,,,
29,Navy Pier,海軍碼頭,,,,,,1914,"Frost, Charles S. & Shankland, E.C.
","    海軍碼頭堪稱芝加哥最美麗的遊樂景點，也是下班後遠離都市喧囂的好去處。位在密西根湖旁，曾經是第二次世界大戰用來訓練海軍及集會廣場，也曾是伊利諾大學（UIC）最初的臨時校地，如今則是芝加哥最流行的娛樂廣場。碼頭內有芝加哥著名的兒童博物館（Chicago Children's Museum）、餐廳、咖啡雅座及摩天輪，甚至還有IMAX電影院。
    更新競圖案優勝者於2012年3月產生，設計將海軍碼頭改建成對行人更友善的地景親水碼頭，預計在2015年夏季完工。",,41°53′29″N 87°35′59″W,http://en.wikipedia.org/wiki/Navy_Pier,https://farm6.staticflickr.com/5081/5351548638_90bb000f9e_s.jpg,"""<a href=""https://flic.kr/p/99U5XY"">Winter Time at Navy Pier</a>"" by <a href=""https://www.flickr.com/photos/graceyheartphotography/"">Grace Trivino</a> is licensed under <a href=""https://creativecommons.org/licenses/by-nc-nd/2.0/"">CC BY-NC-ND 2.0</a>",,,,,,,,,,,,,
02,United Building,聯合大樓 (電路板大樓),後現代主義,Postmodernism,49,668,204,1992,DeStefano & Partners,"這棟在電影「王牌對王牌（The Negotiator）」裡化為芝加哥警局總部的聯合大樓，是芝加哥少數的後現代主義風格的大樓。其舊名為R.R. Donnelley Building，但因聯合航空總部在2007年搬進這棟大樓後便改名了。
    全美許多大都市都有與這聯合大樓類似造型的建築出現，尤其屋頂上的大三角形山牆更成為這些後現代風格高樓的最大特徵。",,"41.8865, -87.630528",http://en.wikipedia.org/wiki/United_Building,https://farm1.staticflickr.com/118/266530171_6e5b0b2a58_s.jpg,"""<a href=""https://flic.kr/p/dNp9cb"">United Building - Exterior 5</a>"" by <a href=""https://www.flickr.com/photos/chicagoarchitecturetoday/"">Chicago Architecture Today</a> is licensed under <a href=""https://creativecommons.org/licenses/by/2.0/"">CC BY 2.0</a>",後現代主義,Postmodernism,https://farm8.staticflickr.com/7202/6781129696_d90aaf2818_s.jpg,顧名思義，後現代主義就是緊接於現代主義之後的一種建築風格。簡單的說，後現代主義排斥現代主義單調乏味、千篇一律的工業產品造型，而回歸到古典主義以尋求古典建築語言的再現，例如：三角形的山牆。,,"""<a href=""https://flic.kr/p/bke4Bf"">One Detroit Center and Good Year Blimp</a>"" by <a href=""https://www.flickr.com/photos/detroitvideodaily/"">@rogerjfrank</a> is licensed under <a href=""https://creativecommons.org/licenses/by-nc-sa/2.0/"">CC BY-NC-SA 2.0</a>",,,,,,,
24,James R. Thompson Center,湯普森中心 (布丁大樓),現代主義,Modernism,17,332,100,1985,Murphy & Jahn,"    湯普森中心可說是芝加哥市區內最奇特的建築物。這棟布丁狀的玻璃大樓是伊利諾州政府位於芝加哥的辦公室。建築師打破傳統政府機關保守的建築型式，大膽的以玻璃為材料，完全表現了公務人員「人民公僕」的定義。大樓底層與一二樓為商店區，有餐廳、服飾店等等，其上則為州政府各個部門辦公室。一樓寬廣的大廳及建築外的小廣場成為市民集會與活動的最佳場所。
    然而，猶如溫室般的超大玻璃屋需要同尺寸建築兩倍的冷氣來維持室內舒適，以及建築師獨特的配色喜好都使這棟建築評價褒貶不一，不過，整體而言在建築理念上它是相當出色且成功的設計。",,41.8853°N 87.6322°W,http://en.wikipedia.org/wiki/James_R._Thompson_Center,https://farm1.staticflickr.com/35/73052766_67a32e6022_s.jpg,"""<a href=""https://flic.kr/p/7sq3s"">James R Thompson Center, Chicago</a>"" by <a href=""https://www.flickr.com/photos/soumit/"">Soumit Nandi</a> is licensed under <a href=""https://creativecommons.org/licenses/by-nc-nd/2.0/"">CC BY-NC-ND 2.0</a>",,,,,,,,,,,,,
03,Merchandise Mart,展場大樓,裝飾風藝術,Art Deco,25,340,100,1930,"Graham, Anderson, Probst & White","展場大樓在建造完工時為世界上最大使用面積的建築物，不過這個封號後來被五角大廈搶走。雖然如此，它還是擁有達13.6公里長的室內走道，以及37萬平方公尺的室內面積，相當於2.3座台北世貿一館，且佔據了兩個街區的最大商業大樓。
它由Marshall Field公司所建，當初為百貨賣場與辦公空間，現在主要為家具製造商的展示場。
1. 每年超過30萬人次參觀
2. 每年在此舉辦16項主要家具展
3. 每年舉辦超過300場會議及研討會
4. 建築物本身擁有獨立的郵遞區號：60654",,"41.8884, -87.6355",http://en.wikipedia.org/wiki/Merchandise_Mart,https://farm3.staticflickr.com/2196/3681108944_7d283d9b6f_s.jpg,"""<a href=""https://flic.kr/p/6BhDrA"">Merchandise Mart, Chicago</a>"" by <a href=""https://www.flickr.com/photos/mknott/"">Mathew Knott</a> is licensed under <a href=""https://creativecommons.org/licenses/by-nc-sa/2.0/"">CC BY-NC-SA 2.0</a>",,,,,,,,,,,,,
05,IBM Building,IBM 大樓,國際式樣,International Style,52,695,211,1971,Mies Van Der Rohe,IBM大樓是芝加哥重要現代建築大師密斯（Mies Van Der Rohe）生前最後一棟建築物，密斯擅長使用鋼骨及玻璃為建築材料，並將室內空間以最精簡的設計達到最大的使用功能，相對於早期的高層建築以石材為外觀材料，密斯以精確的建築細部設計配合當時美國雄厚的工業技術，建造出為數可觀的玻璃帷幕大樓。密斯常用模矩（Module）觀念做建築設計，使建築物的結構外觀與室內空間分割相互關聯，大大節省了建築費用，也達到視覺上的和諧效果；這個概念發揮到極致，你會發現連地板上的磁磚分割線都和柱子中心線相互對齊喔！,,41°53′19″N 87°37′39.3″W,http://en.wikipedia.org/wiki/330_North_Wabash,https://farm9.staticflickr.com/8183/8089018310_15e10673ab_s.jpg,"""<a href=""https://flic.kr/p/djNkjW"">IBM Building (330 N. Wabash)</a>"" by <a href=""https://www.flickr.com/photos/blipsman/"">Benjamin Lipsman</a> is licensed under <a href=""https://creativecommons.org/licenses/by/2.0/"">CC BY 2.0</a>",密斯凡德羅,Mies Van Der Rohe,,密斯凡德羅（Mies Van Der Rohe）生於德國，與Groupius致力於現代主義建築，於二次大戰時遷移美國，後任教IIT建築系達20年。「少即是多 （Less is More） 」為其建築哲學，把冰冷的鋼骨及玻璃構成比例動人的建築傑作。,,,,,,,,,
04,Marina City,船塢城 (玉米大樓),現代主義,Modernism,65,587,179,1964,Bertrand Goldberg Associates,"船塢城是所謂的「城中之城」，構築在一個完整的街區上，兩棟60樓層高的住宅大樓沿著芝加哥河聳立，整個海洋城包括餐廳、劇院、飯店及辦公室，將都市人的生活集中於此一生活區。
兩棟住宅大樓由於外型酷似玉米，暱稱玉米大樓，底下為18層樓的停車空間，其上為居住空間，電梯間位於玉米之中心，連接至各個住宅。因圓柱型之關係，每戶均有相當大的戶外陽台，有趣的是設計此棟的建築師是密斯的得意門生，但卻在建築設計上與老師唱反調，他設計的幾棟建築物均以圓弧造型及鋼筋混凝土為材料，與密斯的鋼骨玻璃方盒子造型大異其趣。",,41.887986°N 87.628761°W,http://en.wikipedia.org/wiki/Marina_City,http://upload.wikimedia.org/wikipedia/commons/thumb/c/cb/Marinacity466.JPG/109px-Marinacity466.JPG,"""<a href=""http://commons.wikimedia.org/wiki/File:Marinacity466.JPG"">Marinacity466</a>"" by <a href=""http://en.wikipedia.org/wiki/User:2candle"">2candle</a> is licensed under <a href=""http://creativecommons.org/licenses/by-sa/3.0/"">CC BY-SA 3.0</a>",,,,,,,,,,,,,
14,The Rookery,鳥屋,芝加哥學派,Chicago School,12,181,55,1888,Burnham & Root,"    設計鳥屋的兩位建築師約翰魯特（John Wellborn Root）和丹尼爾伯翰（Daniel Burnham）在芝加哥合作過二十多棟商業建築，是芝加哥很重要的兩位建築師。12層樓高的鳥屋完工後，成為當時世界上最高的建築物之一，亦是芝加哥現存最老的高樓。曾是芝加哥大火後的臨時市政廳。在建成的二十年後，萊特（Frank Lloyd Wright）負責了第一次的內部整修，後來又經過兩次整修，最後一次在1992年，讓鳥屋回復到原本的模樣。
    它是芝加哥最令人印象深刻，最受推崇也最具影響力的地標建築物，原因包括：它是建築結構過渡時期的革命性建築，有著羅馬式裝飾、耐重紅磚、花崗岩牆支撐著其上的鋼架樓層；而室內的裝飾更令人讚嘆，360度的光井螺旋梯、鐵框架結構的天窗等等，都是它如此重要的原因。",,41°52′44.7″N 87°37′55.6″W,http://en.wikipedia.org/wiki/Rookery_Building,https://farm3.staticflickr.com/2201/2653987625_136b1cc634_s.jpg,"""<a href=""https://flic.kr/p/53wo4k"">chicago-007997</a>"" by <a href=""https://www.flickr.com/photos/suvarn/"">Suvarn</a> is licensed under <a href=""https://creativecommons.org/licenses/by-nc-sa/2.0/"">CC BY-NC-SA 2.0</a>",,,,,,,,,,,,,
16,Wills Tower,威爾斯大樓 (希爾斯大樓),國際式樣,International Style,110,1450,442.1,1970,"Skimore, Owings and Merrill (SOM)","    威爾斯大樓（舊稱希爾斯大樓）在芝加哥中心商業區是一座極為顯著的地標，形體方正，高聳入雲。它在1973年建造完成後至1996年間，一直是世界上最高的建築物。
    建築師葛蘭姆（Graham）將許多管子捆成9只面積各達75平方英尺的巨管，把這些巨管當成結構體，管子的數目隨高度遞減，還與1920年末期紐約時興的摩天大樓風格相互呼應。大樓樓頂上兩隻成對角線豎立的天線是在1982年增設的，使得此大樓的總高度加253英呎（77公尺）。103層的天臺觀景台，搭電梯只需70秒即可到達。",,41°52′44″N 87°38′09″W,http://en.wikipedia.org/wiki/Sears_Tower,https://farm1.staticflickr.com/69/170560058_b23bfb3886_s.jpg,"""<a href=""https://flic.kr/p/g5ayE"">Chicago: Sears Tower - View from Southwest</a>"" by <a href=""https://www.flickr.com/photos/wallyg/"">Wally Gobetz</a> is licensed under <a href=""https://creativecommons.org/licenses/by-nc-nd/2.0/"">CC BY-NC-ND 2.0</a>",,,,,,,,,,,,,
06,Jeweler’s Building,珠寶商大樓,布雜藝術,Beaux Arts,40,523,159,1927,Giaver & Dinkelberg,"珠寶商大樓高41層，於1927年完工時，為紐約市以外最高的建築物，也是繼青箭大樓之後採用陶瓦（Terra-Cotta）為材料而成功吸引了承租者。
    當時，大樓的另一特色為室內停車場的設計，從2樓到22樓皆為停放車輛的空間，汽車從瓦克大道（Wacker Dr.）的下層入口進入大樓，再以電梯垂直運送到不同樓層的停車區，在1940年後，由於電梯機械運作問題及日漸增大的汽車體積不符合當初的空間設計，於是將原本的停車樓層改為辦公空間。
    珠寶商大樓更曾出現在多部電影及電視劇中，註明的例子如「蝙蝠俠：開戰時刻」。",,41.8865°N 87.6268°W,http://en.wikipedia.org/wiki/35_East_Wacker,https://farm8.staticflickr.com/7006/6523006727_9d9b2bc917_s.jpg,"""<a href=""https://flic.kr/p/aWq7De"">Jewelers</a>"" by <a href=""https://www.flickr.com/photos/ifmuth/"">Ian Freimuth</a> is licensed under <a href=""https://creativecommons.org/licenses/by-nc-nd/2.0/"">CC BY-NC-SA 2.0</a>",,,,,,,,,,,,,
09,London Guarantee Building,倫敦保障大樓,布雜藝術,Beaux Arts,22,318,97,1923,Alfred S. Alschuler,倫敦保障大樓座落於芝加哥最重要的地段，十字路口周邊四棟重要的建築物（青箭大樓、論壇報大樓、和北密西跟大道333號大樓）幾乎同時完成於1920年代。,,41.888°N 87.625°W,http://en.wikipedia.org/wiki/London_Guarantee_Building,https://farm8.staticflickr.com/7187/6939633077_577be32a24_s.jpg,"""<a href=""https://flic.kr/p/bzer9a"">London Guarantee Building</a>"" by <a href=""https://www.flickr.com/photos/patmilphotos/"">Pat M2007</a> is licensed under <a href=""https://creativecommons.org/licenses/by-nc-nd/2.0/"">CC BY-NC-ND 2.0</a>",布雜藝術,Beaux-Arts,,十九世紀中葉，法國儼然是世界的藝術中心。在法國第二共和執政者大力的支持下，繪畫、雕塑、建築各方面都有極高的成就，在西方近代藝術史上更具有絕對的影響力，在此文化優勢下，美國藝術家們不得不遠渡重洋到法國取經，這些美國藝術家們學成歸國後，開始在各自的領域發揮所長，在建築方面，隨著大型公共建築物的新建、富豪的宅邸、新型旅館的需求，這些建築師與藝術家們剛好可以適時發揮，甚至在美國藝術史上創造一個所謂的美國文藝復興時代。當時赴法國求學的美國藝術家大多來到一所名叫École des Beaux-Arts 的學校，此即為布雜藝術（Beaux-Arts）名稱的由來。,,,,,,,,,
10,Two Prudential Plaza,保德信第二廣場 (鉛筆大樓),後現代主義,Postmodernism,64,995,303,1990,"Loebl, Schlossman & Hackl","    保德信廣場包含兩棟建築：保德信第一廣場（One Prudential Plaza）是南側的方盒子、保德信第二廣場（Two Prudential Plaza）是北側像鉛筆的大樓。前者建於1950年，當時的建築環境非常強調建築物表面的上升直線，而且材料喜好玻璃和鋼鐵，然而這棟建築物卻採用石灰石跟鋁合金來設計表面材質，可說是建築表面設計的一項突破。
    而保德信第二廣場建於1990年，完工當時是世界最高的鋼筋混凝土建築。其設計受到紐約克萊斯勒大廈（Chrysler Building）的啟發，兩者形式大略是垂直向上至一定高度，漸漸退縮，至最高處僅保留尖端。這棟建築物遠望跟隔壁的怡安中心相互呼應。",,41°53′08″N 87°37′22″W,http://en.wikipedia.org/wiki/Two_Prudential_Plaza,https://farm2.staticflickr.com/1361/4610455844_3744fe2c35_s.jpg,"""<a href=""https://flic.kr/p/82pMU1"">Prudent</a>"" by <a href=""https://www.flickr.com/photos/orijinal/"">Jaysin Trevino</a> is licensed under <a href=""https://creativecommons.org/licenses/by/2.0/"">CC BY 2.0</a>",紐約克萊斯勒大廈,Chrysler Building (NYC),https://farm3.staticflickr.com/2638/3948257949_cebb91a7ef_s.jpg,保德信第二廣場設計受到紐約克萊斯勒大廈（Chrysler Building）的啟發，兩者形式大略是垂直向上至一定高度，漸漸退縮，至最高處僅保留尖端。這棟建築物遠望跟隔壁的怡安中心相互呼應。,,"""<a href=""https://flic.kr/p/71TRwV"">Chrysler Building</a>"" by <a href=""https://www.flickr.com/photos/lassi_kurkijarvi/"">Lassi Kurkijärvi</a> is licensed under <a href=""https://creativecommons.org/licenses/by-nc/2.0/"">CC BY-NC 2.0</a>",,,,,,,
18,Manhattan Building,曼哈頓大樓,芝加哥學派,Chicago School,16,170,51.7,1891,William LeBaron Jenney,    曼哈頓大樓是芝加哥學派摩天大樓的典型範例，其建築師被視為美國摩天大樓之父。此建築是世界上現存最早的純鐵骨架支撐的摩天大樓，也是芝加哥現存第三老的高樓，前兩名是鳥屋及會堂大廈。這棟建築的磚質立面是直接掛在鋼結構上，可避免因為內部結構調整或脹縮造成的裂縫；而其以不同表情人臉搭配捲曲葉子的浮雕裝飾材料，即是芝加哥常見的陶瓦。,,41°52′33″N 87°37′45″W,http://en.wikipedia.org/wiki/Manhattan_Building_(Chicago),https://farm7.staticflickr.com/6011/6206819381_4284cd1af1_s.jpg,"""<a href=""https://flic.kr/p/astzag"">Manhattan Building Chicago-1</a>"" by <a href=""https://www.flickr.com/photos/gouldy/"">Gouldy</a> is licensed under <a href=""https://creativecommons.org/licenses/by-nc-nd/2.0/"">CC BY-NC-ND 2.0</a>",芝加哥學派,Chicago School,,"在1880-1890年間，建築學界出現一個學派—芝加哥學派。當時建築師大部分主要從事高層建築的建造工作，於是首次使用金屬的全框架結構，以滿足越建越高的企圖。並且希望短時間內利用有限的土地創造最大的有效建築面積，所以歷史樣式的裝飾雕刻被消減甚至消除，主張簡潔的立面以符合時代工業化的精神。爭速度，重實效，擴大利潤成為壓倒性宗旨。特色如下：
1.由於高樓擋住陽光所以窗戶要大，增加室內的照度和通風。
2.全金屬框架結構提供了開大窗的條件。
3.「芝加哥窗」是重要特色。它是整開間的大窗，一般分成三部分，中間大片固定窗左右各是可上下推拉的窄窗。
4.結構很外顯，整體而言多是鋼框架結構搭配磚造立面材料。",,,,,,,,,
22,Chase Bank Tower,大通銀行大樓,現代主義,Modernism,60,850,259,1969,Perkins & Will,"    因為銀行需要廣大的空間容納客戶，尤其靠近街道的低樓層；另一方面，業主仍希望有傳統的辦公空間，因此大通銀行大樓底層寬而上方收窄的設計既漂亮又合乎使用需求。加上大樓前下凹的大廣場，高雅的噴水池，還有連接地鐵站的通道，是非常成功的設計。
    而廣場一角的馬賽克壁畫則是知名俄國藝術家夏卡爾（Marc Chagall）的作品。",,41.8816°N 87.6301°W,http://en.wikipedia.org/wiki/Chase_Tower_(Chicago),http://upload.wikimedia.org/wikipedia/commons/thumb/1/15/Chase_Tower_in_Chicago.jpg/97px-Chase_Tower_in_Chicago.jpg,"""<a href=""http://en.wikipedia.org/wiki/Chase_Tower_(Chicago)#mediaviewer/File:Chase_Tower_in_Chicago.jpg"">Chase Tower in Chicago</a>"" by <a href=""http://www.flickr.com/people/21787785@N03"">Monika Thorpe</a> is licensed under <a href=""http://creativecommons.org/licenses/by/2.0"">CC BY 2.0</a>",The Four Season,The Four Season,https://farm8.staticflickr.com/7321/9179415485_75d0abd9b0_s.jpg,The Four Season (1974) ,The Four Season (1974) ,"""<a href=""https://flic.kr/p/eZ9Uqe"">Four Seasons, Chicago, Illinois</a>"" by <a href=""https://www.flickr.com/photos/kenlund/"">Ken Lund</a> is licensed under <a href=""https://creativecommons.org/licenses/by-sa/2.0/"">CC BY-SA 2.0</a>",,,,,,,
28,Aqua Tower,水大樓,現代主義,Modernism,86,859,261.8,2009,Studio Gang Architects,"    水大樓最突出的特點就是玻璃幕牆和每層略有不同的波浪形陽台的組合，看似漣漪垂直表現在立面上。陽台從玻璃幕牆伸出，最遠達12英尺，除了讓居住者有機會直接享受室外的都市風景外，也具相當良好的遮陽效果。
    這樣設計手法產生了遠近不同的效果：近處仰視有種強烈的雕塑感，而遠處觀看仍然是一個細長的長方體。大樓強烈的造型亦猶如裸露的石灰岩層，即大湖區常見的特色地質，建築師的靈感其實是由此而來。",,41°53′11″N 87°37′12″W,http://en.wikipedia.org/wiki/Aqua_Tower,http://upload.wikimedia.org/wikipedia/commons/thumb/c/cf/Aqua_Tower_Chicago.jpg/109px-Aqua_Tower_Chicago.jpg,"""<a href=""http://www.flickr.com/photos/gshowman/3668250139/"">aqua-tower-2</a>"" by <a href=""https://www.flickr.com/photos/gshowman/"">George Showman</a> is licensed under <a href=""https://creativecommons.org/licenses/by/2.0/"">CC BY 2.0</a>",,,,,,,,,,,,,
07,Wrigley Building,青箭大樓,布雜藝術,Beaux Arts,30,425,130,1924,"Graham, Anderson, Probst & White","    青箭大樓以絕佳的地理位置和耀眼白色外觀再加上大時鐘，使它成為芝加哥最著名的建築物之一。實際上這也是青箭口香糖的總部大樓，以創立者威廉瑞格理（William Wrigley）命名的大樓分南北兩棟，南棟有一高達30層樓之高塔，以入口門廳和天橋連接至北棟，兩建築物之間形成一個有花草、水池且可供休息的開放公共空間。
    此大樓更以精細的陶瓦（Terra-Cotta）為外牆材料著稱，在建築師細心的安排下，將外牆有乳白色隨著建築物升高而漸轉為淡藍白色，以視覺色彩來加強大樓的高聳與尊貴。",,41.889707°N 87.624861°W,http://en.wikipedia.org/wiki/Wrigley_Building,https://farm3.staticflickr.com/2135/2149147551_e53a5b2ccd_s.jpg,"""<a href=""https://flic.kr/p/4gUWG8"">The Wrigley Building</a>"" by <a href=""https://www.flickr.com/photos/beautifulcataya/"">Shihmei Barger 舒詩玫</a> is licensed under <a href=""https://creativecommons.org/licenses/by-nc-nd/2.0/"">CC BY-NC-ND 2.0</a>",陶瓦,Terra-Cotta,,"陶瓦（Terra-Cotta）
源自義大利文「調理過的岩石（Cooked earth）」，其防火與塑造性強之特性，使得陶瓦成為經歷過1871年大火的芝加哥於20世紀初建築物長使用的外觀材料，簡單來說陶瓦就是以黏土及其他料塑型後於火中燒製，可依照不同形狀製造，成為與眾不同的特色。",,,,,,,,,
27,John Hancock Tower,約翰漢考克大樓,現代主義,Modernism,100,1500,457,1969,"Skimore, Owings and Merrill (SOM)","    漢考克大廈底層為零售空間，向上依序為停車庫、辦公空間及住宅區。44樓設有一個全美國最高的室內游泳池。在94層處有一個觀景台，能飽覽芝加哥和密西根湖的景色。95層與96層處有雲霄全景餐廳。建築師設計了直抵基岩的巨大沉箱基礎，其中一個入地191英呎（58公尺），這是芝加哥市前所未見的。為此，設計者還訂製了專門的鑽井設備。楔形塔身面積由基底處的3716平方公尺收縮到頂部的1672平方公尺。
    楔形造型既是功能需求使然，又符合結構要求。這種造型不僅有利於結構穩定性，還有利於有效使用空間。外簷柱與橫樑構成一個鋼筒，並由在外立面上清晰可見的斜撐以及與這些斜撐和角柱相連接的結構樓板所加強，其結果是結構體系非常簡潔並且十分有效。因此常成為芝加哥的熱門取景地點。",,41.8988°N 87.6230°W,http://en.wikipedia.org/wiki/John_Hancock_Center,http://upload.wikimedia.org/wikipedia/commons/thumb/5/5d/Hancock_tower_2006.jpg/97px-Hancock_tower_2006.jpg,"""<a href=""http://commons.wikimedia.org/wiki/File:Hancock_tower_2006.jpg#mediaviewer/File:Hancock_tower_2006.jpg"">Hancock tower 2006</a>"" by <a href=""http://en.wikipedia.org/wiki/User:Path2k6"">Path2k6</a> is licensed under <a href=""http://creativecommons.org/licenses/by/2.5"">CC BY 2.5</a>",,,,,,,,,,,,,
30,Trump International Hotel & Tower,川普大樓,現代主義,Modernism,98,1389,423,2009,"Skimore, Owings and Merrill (SOM)",    作為芝加哥新地標的這棟摩天大樓，連同天線高達423.4公尺，實際高356.6公尺，是芝加哥第二高樓。最底部的三層樓退縮，是因為建築師希望川普大樓在視覺上能夠更融入周圍的建築物。最初的設計原規劃低樓層為辦公室空間出租，但由於當時住宅市場前景樂觀，因此改為以住宅和飯店業務為主。,,41.8891°N 87.626674°W,http://en.wikipedia.org/wiki/Trump_International_Hotel_and_Tower_(Chicago),http://upload.wikimedia.org/wikipedia/commons/thumb/4/40/Chicago_%288%29.jpg/97px-Chicago_%288%29.jpg,"""<a href=""http://commons.wikimedia.org/wiki/File:Chicago_(8).jpg#mediaviewer/File:Chicago_(8).jpg"">Chicago (8)</a>"" by <a href=""http://commons.wikimedia.org/wiki/User:BDS2006"">Basil D Soufi</a> is licensed under <a href=""http://creativecommons.org/licenses/by-sa/3.0"">CC BY-SA 3.0</a>",基座,Base,https://farm4.staticflickr.com/3242/2608903677_86383c2d50_s.jpg,沿芝加哥河退縮的基座,,"""<a href=""https://flic.kr/p/4YxjaT"">Trump Tower</a>"" by <a href=""https://www.flickr.com/photos/mhansen514/"">Michael Hansen</a> is licensed under <a href=""https://creativecommons.org/licenses/by-nc/2.0/"">CC BY-NC 2.0</a>",,,,,,,
08,Chicago Tribune Tower,芝加哥論壇報大樓,哥德復興,Gothic Revival,36,462,141,1925,Raymond M. Hood & John M. Howells,"    1845年成立的芝加哥論壇報，為慶賀成為中西部最大報社及擴大所需工作空間，於1922年舉辦芝加哥總部大樓國際競圖，除了基本空間外，競圖還要求設計一棟最漂亮的辦公大樓，加上總獎金十萬美元的誘因，來自美國本土以及世界各地22個國家共263件作品參加競賽。這棟大樓即為當年首獎，巧妙地將哥德建築概念轉換於高層大樓。
    此競圖深深影響美國建築發展，二獎芬蘭建築師沙利南（Eliel Saarinen）逐漸向上退縮的設計，後來成為高層建築的模仿對象；而德國格羅佩斯（Walter Gropius）現代主義風格的設計，在80年後的今天看來仍毫不遜色。這兩位建築師此後均在建築界有十分重要的影響力，連首獎建築師後來都追隨其風格。",,41.890426°N 87.62367°W,http://en.wikipedia.org/wiki/Chicago_Tribune_Tower,https://farm4.staticflickr.com/3134/2783596074_6ac92b3582_s.jpg,"""<a href=""https://flic.kr/p/5eYE8L"">Chicago Illinois - 18</a>"" by <a href=""https://www.flickr.com/photos/stuseeger/"">Stuart Seeger</a> is licensed under <a href=""https://creativecommons.org/licenses/by/2.0/"">CC BY 2.0</a>",,,,,,,,,,,,,
20,Chicago Federal Center Plaza,芝加哥聯邦中心廣場,國際式樣,International Style,42,562,171,1974,Mies van der Rohe,"    此廣場被高矮各異、胖瘦不同的三棟長方體建築包圍，分別是：42層樓高的Kluczynski Federal Building、30層樓高的Everett McKinley Dirksen United States Courthouse和地上一層地下兩層的美國郵局。雖然為三棟不同的建築，但因為應用了建築師密斯凡德羅的「模矩」概念，並且採用相同的鋼骨結構和細部，因此整個廣場看起來像是交響樂一般，豐富而有著同樣的韻律，非常協調。
    美國藝術家卡爾德（Alexander Calder）的作品Flamingo，巧妙的置於廣場中，其誇張的曲線造型及火紅顏色，與周圍方正、直角的黑色玻璃帷幕建築群形成強烈對比，因此常成為芝加哥的熱門取景地點。",,41.8784°N 87.6299°W,http://en.wikipedia.org/wiki/Kluczynski_Federal_Building,https://farm5.staticflickr.com/4105/5432020617_1c20cae8fd_s.jpg,"""<a href=""https://flic.kr/p/9h1wtT"">Chicago Federal Center plaza</a>"" by <a href=""https://www.flickr.com/photos/uicdigital/"">Digital Collections, UIC Library</a> is licensed under <a href=""https://creativecommons.org/licenses/by-nc-sa/2.0/"">CC BY-NC-SA 2.0</a>",,,,,,,,,,,,,
26,Carson Pirie Scott & Company Building,卡森皮爾史考特公司,芝加哥學派,Chicago School,12,,,1903,Louis H. Sullivan,"    這是一棟佔據一整個街區的大型建築物，建築師是當時「芝加哥學派」的先鋒—蘇利文。此建築一大特點是鋼架結構，使得可開窗的面積大增，更多自然光得以從大片窗戶照進室內。
    除了建築物結構的創新，由鑄鐵製造的精緻表面裝飾，由曲線、漩渦組成的裝飾在西北側的主入口尤其精彩，甚至還可以找得到建築師姓名的縮寫。蘇利文提倡「形隨機能而生」的概念，在建築史上具有相當重要的地位。",,41°52′54.16″N 87°37′39.18″W,"http://en.wikipedia.org/wiki/Carson,_Pirie,_Scott_and_Company_Building",https://farm1.staticflickr.com/226/519066158_b8f25c9269_s.jpg,"""<a href=""https://flic.kr/p/MSmhw"">Carson Pirie Scott</a>"" by <a href=""https://www.flickr.com/photos/phillipmerritt/"">Phillip Merritt</a> is licensed under <a href=""https://creativecommons.org/licenses/by-nc-sa/2.0/"">CC BY-NC-SA 2.0</a>",「芝加哥學派」特點複習 ,Chicago School Recap,,"「芝加哥學派」特點複習 
1.建設快速 
2.裝飾減少 
3.使用鋼骨架構，得到最少的內部支撐架構，使用面積增加 
4.磚造的表面材包覆建築立面，常用Terra-cotta
5.芝加哥窗 （Chicago windows）-- 大比例的窗戶結構，允許最多的自然光進入",,,,,,,,,
11,Aon Building,怡安中心 (橡皮擦大樓),現代主義,Modernism,83,1136,346,1973,Edward Durell Stone & Perkins & Will. Assoc.,    這棟建築物是芝加哥第二高的建築，更是全世界第一棟使用大理石表面裝飾的建築物，當初使用大理石作為建築物表面是因為建築師跟客戶都認為大理石表面非常堅硬，應該可以有效地承受風跟雨的侵蝕；然而，建築物完成後僅僅18年，大理石表面便出現裂痕，最後業主不得不花下重金，重新換成比較厚的材料。所花費的經費幾乎可以再蓋半棟同樣的大樓，成為它聞名世界的原因之一。事實上，這也告訴我們，一棟大樓的完成並不代表它就可以開始經營收益，每年所花費的維護、維修經費著實地驚人。所以摩天大樓其實是百分之十五的建築設計，百分之八十五的能源設計﹝電力、冷氣、暖氣、通風、防火系統﹞。,,41°53′07″N 87°37′17″W,http://en.wikipedia.org/wiki/Aon_Center_(Chicago),https://farm4.staticflickr.com/3191/2461065270_2c7ed18226_s.jpg,"""<a href=""https://flic.kr/p/4KtAXQ"">AON Center Chicago</a>"" by <a href=""https://www.flickr.com/photos/kathika/"">Michael Gray</a> is licensed under <a href=""https://creativecommons.org/licenses/by-sa/2.0/"">CC BY-SA 2.0</a>",,,,,,,,,,,,,
21,Inland Steel Building,內陸鋼鐵大樓,現代主義,Modernism,,332,101.2,1956,"Skimore, Owings and Merrill (SOM)","    矗立於芝加哥市區，擁有著閃亮建築立面而常被誤認為是最新落成的高層建築，事實上卻是完成於1956年的「老」大樓。
內陸鋼鐵大樓標誌著1950年代，美國戰後將現代主義商業化的開端。有著現代風格的辦公室規格非常引人注目，它的設計一直被許多後來的建築師沿用至今，使用不銹鋼材做外觀表面，讓建築物有著強烈的現代感。將服務核（建築中的樓梯、廁所、管道間等空間）放置在東邊的附加塔，因此留給辦公室一個非常完整且有最大效用的工作空間。",,41.8810°N 87.6291°W,http://en.wikipedia.org/wiki/Inland_Steel_Building,https://farm6.staticflickr.com/5016/5432722296_3cb78f097b_s.jpg,"""<a href=""https://flic.kr/p/9h584N"">Inland Steel Building</a>"" by <a href=""https://www.flickr.com/photos/uicdigital/"">Digital Collections, UIC Library</a> is licensed under <a href=""https://creativecommons.org/licenses/by-nc-sa/2.0/"">CC BY-NC-SA 2.0</a>",,,,,,,,,,,,,
12,Crain Communications Building,克蘭傳播大樓 (鋼筆大樓),現代主義,Modernism,41,582,177,1984,A. Epstein & Sons,"     這棟建築物頂端有一個小開口，再加上建築物頂端的十層樓切了個大斜角以增加自然採光，從遠處望去就如同一支鋼筆一般。克蘭傳播大樓頂端的斜角往格蘭特公園（Grant Park）切落，因此被切落的斜面便成了面對公園最好的廣告牆，曾出現GO BEARS和GO SOX等標語。
    另外，其頂部使用電燈泡裝飾成一個菱形，雖然夜景上有著獨特的特色，可是因為燈泡750小時的使用壽命非常短，遠低於日光燈6000小時，因此在建成之後，更換及維護燈泡成了整棟建築物的一大支出。",,41.8854°N 87.6248°W,http://en.wikipedia.org/wiki/Crain_Communications_Building,https://farm5.staticflickr.com/4126/5197135027_2ddacb4373_s.jpg,"""<a href=""https://flic.kr/p/8VfFbk"">Smurfit Stone Building Downtown Chicago Visit</a>"" by <a href=""https://www.flickr.com/photos/footloosiety/"">David J Laporte</a> is licensed under <a href=""https://creativecommons.org/licenses/by/2.0/"">CC BY 2.0</a>",鋼筆大樓夜景,Diamond Building at Night,https://farm8.staticflickr.com/7039/6907943135_62ab586647_s.jpg,,,"""<a href=""https://flic.kr/p/bwr1PR"">Smurfit-Stone at Night</a>"" by <a href=""https://www.flickr.com/photos/kgnixer/"">niXerKG</a> is licensed under <a href=""https://creativecommons.org/licenses/by-nc/2.0/"">CC BY-NC 2.0</a>",,,,,,,
13,Chicago Board of Trade Building,芝加哥期貨交易所,裝飾風藝術,Art Deco,45,605,183.9,1930,Holanbird & Root,"    芝加哥期貨交易所是芝加哥建築中一個非常重要且精緻的裝飾風藝術建築物，非常戲劇化地佇立於La Salle St.這條財經幹線的端點。1848年設立的芝加哥期貨交易所將原本混亂不堪的穀類交易系統建立起秩序和組織，使價格的大幅震盪不再出現，為中西部的農產品交易建立了安定的市場。1930年芝加哥期貨交易所進駐於這棟非常引人注意的建築精品中。大樓內充滿藝術圖型裝飾，並且大量使用光彩亮人的大理石和烙鋼為建材。
    本棟建築所呈現的裝飾風藝術特色： 1.直線和對稱的構成 2.退縮輪廓的線條（另一實例為紐約帝國大廈） 3.農業女神在建築物頂端，透露了女人贏得了社會上的自由權利 　4.明亮對比的色彩，建材上大量運用光亮的大理石和烙鋼。",,41°52′41.25″N 87°37′56.1″W,http://en.wikipedia.org/wiki/Chicago_Board_of_Trade_Building,https://farm4.staticflickr.com/3727/11746415024_5fa2c3375c_s.jpg,"""<a href=""https://flic.kr/p/iTZrWY"">Chicago Board of Trade Building</a>"" by <a href=""https://www.flickr.com/photos/acordova/"">Alan Cordova</a> is licensed under <a href=""https://creativecommons.org/licenses/by-nc-nd/2.0/"">CC BY-NC-ND 2.0</a>",,,,,,,,,,,,,
23,Richard J. Daley Center,理查戴利大樓,國際式樣,International Style,31,648,198,1965,C.F. Murphy Associates,"    以擔任芝加哥21年之久的市長為名，理查戴利大樓以其剛毅與略帶鏽褐色的外表成為芝加哥市中心顯著的建築物之一。這棟建築大樓內有許多的辦公室及挑高的法院。因此將每層樓高度增加至一般樓層的兩倍，所以其近200公尺的高度卻僅容納31層樓（台北2010年落成的市府轉運站也是31層，高度150m）。為了容納多達120個無障礙的法院及聽證空間，結構上以87x28英尺之超大跨距為柱間之尺寸。外觀上之12根巨大的柱子就是整棟建築物所有的柱子。外牆的耐候鋼經過預鏽處理，形成自然的保護層。
    身為政府機關大樓，大樓下的戴利廣場成為市民的休憩場所，常有假日農產市集等活動；廣場中的畢卡索雕像更是此地重要景點之一，電影「跳越時空的情書（The Lake House）」亦在此取景。",,41.88393°N 87.63020°W,http://en.wikipedia.org/wiki/Richard_J._Daley_Center,https://farm5.staticflickr.com/4108/5083669877_e41d7f47ce_s.jpg,"""<a href=""https://flic.kr/p/8Ke8WD"">Richard J. Daley Center</a>"" by <a href=""https://www.flickr.com/photos/paolo_rosa/"">Paolo Rosa</a> is licensed under <a href=""https://creativecommons.org/licenses/by-nc-nd/2.0/"">CC BY-NC-ND 2.0</a>",畢卡索,Chicago Picasso,http://upload.wikimedia.org/wikipedia/commons/thumb/0/05/2004-09-07_1800x2400_chicago_picasso.jpg/109px-2004-09-07_1800x2400_chicago_picasso.jpg,戴利廣場畢卡索作品,,"""<a href=""http://commons.wikimedia.org/wiki/File:2004-09-07_1800x2400_chicago_picasso.jpg#mediaviewer/File:2004-09-07_1800x2400_chicago_picasso.jpg"">2004-09-07 1800x2400 chicago picasso</a>"" by <a href=""http://commons.wikimedia.org/wiki/User:Jcrocker"">J. Crocker</a> is licensed under public domain via Wikimedia Commons",,,,,,,
17,Metropolitan Correctional Center,大都會懲教中心 (三角看守所),現代主義,Modernism,28,289,88,1975,Harry Weese & Associate,    三角形的外觀，狹窄的窗戶，這棟建築其實是芝加哥市區的臨時看守所。受柯比意（Le Corbusier）馬賽公寓住商混合概念影響，看守所底下十一層為辦公空間，包含第十層大開窗的機械設備間。頂樓為放封空間，有籃球場等運動設施。中段則是獨立的隔間牢房，三角形的平面有利於獄卒監看兩邊囚犯動靜，為了避免囚犯逃脫，窗戶僅有5英吋（12.7公分）寬，儘管如此，仍發生幾次囚犯逃脫的案例，最近一次發生在2012年12月，兩名銀行搶匪鑿開窗洞自17層樓高度垂降脫逃成功。,,41°52′36″N 87°37′50″W,"http://en.wikipedia.org/wiki/Metropolitan_Correctional_Center,_Chicago",https://farm9.staticflickr.com/8427/7756704710_a2ec1efb6e_s.jpg,"""<a href=""https://flic.kr/p/cPr957"">Metropolitan Correctional Center: a vertical prison; south of the Loop, Chicago</a>"" by <a href=""https://www.flickr.com/photos/aidaneus/"">Aidan Wakely-Mulroney</a> is licensed under <a href=""https://creativecommons.org/licenses/by-nc-nd/2.0/"">CC BY-NC-ND 2.0</a>",,,,,,,,,,,,,
19,Monadnock Building,煙囪大樓,芝加哥學派,Chicago School,17,215,66,1893,"Burnham & Root (1891), Holabird & Roche  (1894)",    這是一棟建築樣式轉折的活教材，只要到芝加哥一定不能錯過。煙囪大樓由南北各一半的不同時期建築所組成，北棟明顯缺乏傳統裝飾，充分展現芝加哥學派的精神。事實上，當時的工業技術也只允許建築師用磚頭建造房子，16層的高度已經算是「摩天大樓」，下面必須要有厚重的6英呎（180公分）承重牆支撐。這也使它成為世界上最後一棟用磚塊砌成的摩天大樓，因為緊接著問世的鋼骨建築構造很快被用在南棟建築上，充分展現出鋼鐵框架的摩天大樓風格：細的柱子，寬廣的開窗面積。它的存在充分展現建築技術發展的痕跡：一種建築模式的結束，另一種建築模式的開始。,,41°52′39″N 87°37′46″W,http://en.wikipedia.org/wiki/Monadnock_Building,https://farm4.staticflickr.com/3370/3229762793_a3237db694_s.jpg,"""<a href=""https://flic.kr/p/5VpnXp"">Monadnock Building</a>"" by <a href=""https://www.flickr.com/photos/urbanoasis/"">Dale Winling</a> is licensed under <a href=""https://creativecommons.org/licenses/by-nc/2.0/"">CC BY-NC 2.0</a>",,,,,,,,,,,,,
25,Reliance Building,信賴大樓,芝加哥學派,Chicago School,15,,,1895,D. H. Burnham Co.,"    這棟是芝加哥建築中非常重要的代表建築物之一，它是「芝加哥學派」的先驅。當時，它的外觀使得人們稱之為晶瑩剔透玻璃盒。建築師將每一種可以使用的玻璃的可能都放置上去。突出的窗台不但可以增加用玻璃的機會，還可以隱藏支撐建築物的柱子。
    使用陶瓦的樓層外觀裝飾。強調橫向建築線條，意圖打破當時盛行一時的垂直上衝的直線設計。",,41°52′58″N 87°37′40″W,http://en.wikipedia.org/wiki/Reliance_Building,http://upload.wikimedia.org/wikipedia/commons/thumb/1/17/2010-03-03_1872x2808_chicago_reliance_building.jpg/97px-2010-03-03_1872x2808_chicago_reliance_building.jpg,"""<a href=""http://commons.wikimedia.org/wiki/File:2010-03-03_1872x2808_chicago_reliance_building.jpg#mediaviewer/File:2010-03-03_1872x2808_chicago_reliance_building.jpg"">2010-03-03 1872x2808 chicago reliance building</a>"" by <a href=""http://commons.wikimedia.org/wiki/User:Jcrocker"">J. Crocker</a> via Wikimedia Commons",玻璃盒,,,在信賴大樓之前，已經有玻璃盒式的建築物，如1851的水晶宮等等，可是都不是高層建築。後來，由於高速電梯的發明，才使得這棟高層建築及將來的摩天大樓成為可能。,,,,,,,,,
0,IIT TSA - Arch Tour 2014,2014 建築之旅,,,,,,,,一切始於伊利諾理工大學建築系學長姐的即興之作，原本具私人性質的建築之旅，從一開始只限伊利諾理工大學台灣同學會的活動，慢慢擴展成美國中西部台灣留學生一年一度的盛事。近年更有許多東岸及西岸的學生，不遠千里前來共襄盛舉。從首屆只有11人參與，隨著歷年同學會的努力耕耘，2013年『芝加哥建築之旅』參加者再度打破記錄，一舉突破400人。『芝加哥建築之旅』讓台灣留學生不僅體驗芝加哥建築之美，無形中更凝聚留學生情誼，為彼此搭起友誼的橋樑！,,,,,,,,,,,,Grace Lin,Grace Lin,123-456-7890,"10:30,11:15,12:45,13:30,18:00",,"報到,室內深度導覽,午餐&導覽小隊集合,戶外水/陸路導覽,千禧公園集合、有獎徵答、記念合照、問卷回收",
999,Credits,誌謝,,,,,,,,,,,,,,,,,,,,,,,"主辦團隊,活動講師,活動總召,創意總監,工作人員,手冊美編,責任編輯,手冊原稿,美術設計,特別感謝",,"伊利諾理工學院台灣同學會,康世謙、黃春輝、杜翰堂、王士樵、曾齡儀、侯瑞瑄、陳信光、陳冠豪、陳冠如、林采凡、詹仁普、楊彥航、何柏奇,薛博文、蕭阡祐,詹仁普、陳冠如,張佳雯、陳勁達、莊詠傑、馮皓翔、謝函恩、朱盛葳、李亞耘、連惟婷、單寶蓁、汪佳生、吳品諭、官大為、周士為、孫 衡、楊育霖、黃宥豪、楊上賢、黃鈺婷、林于涵、方郁薇、劉謙平、蕭筱寧、林 梟、吳桐雨,吳品諭,陳冠如、詹仁普,康世謙、張朋千、吳霖怡、郭俊宏、歐啟超,林采凡(紀念品)、林辛承(T恤),駐芝加哥台北經濟文化辦事處、駐芝加哥辦事處教育組",
